phone,email,password
9132328837,ugirdwood0@example.com,vfBTCMn
9450061427,lemilien1@redcross.org,RRhFhrl
9797736171,bbettinson2@nymag.com,NHF6UdQb0
9586640674,rpicardo3@vistaprint.com,cMyQRZ24c
9898614273,mwoltman4@drupal.org,jzgkIhWxERYO
9867456663,zgornar5@mtv.com,tqzssFLHwWSs
9771339555,cfansy6@etsy.com,YfO1vyMRNy
9984457412,dquadri7@timesonline.co.uk,OprjokMKY0pd
9776132442,opiola8@nhs.uk,6GngzE
9615882758,jreeveley9@eventbrite.com,rnuWtIKou2VU
9436652636,idowrya@google.pl,uF6Sc4p
9521184877,emabbittb@harvard.edu,UvPtc7
9113634208,locurranec@twitter.com,koABRSb3U
9835335356,pdignamd@zimbio.com,fmIBqMMssF
9617865922,mmartensene@geocities.jp,wqR9MH
9868218176,rhaskellf@xinhuanet.com,tIbgxRTfDOdV
9989528254,cseldong@naver.com,M2JjMO2vFRo
9317811717,rnearsh@edublogs.org,L4l5zoV69sv
9261481743,cleali@shop-pro.jp,7Gt006sQ
9139623353,mmoncarrj@sogou.com,qWcXmNt5GX
9185557667,rchesnutk@360.cn,ZHDkoU0gg
9513247511,irowesl@photobucket.com,7s7JGx6rR
9120152327,rbarnhillm@latimes.com,bXmaAO
9161231259,tlohrensenn@accuweather.com,MYjp37sGJOs
9491252693,fbrufordo@ucoz.com,Ys4bmhF5vVf
9751375227,isimonellip@e-recht24.de,Th3yet
9117021836,imcilriachq@is.gd,p0awM6Bb1
9185270459,gstruijsr@clickbank.net,JvqPilTE2
9229631852,hnorths@soup.io,JDBBGhj77QBF
9615574688,slapisht@merriam-webster.com,u5yqnlOLI
9834693558,csimu@paypal.com,ut8B5gR
9207138110,fdunv@yellowpages.com,ImLE3JPd5d
9787506526,smacounw@jiathis.com,WLpcukPpAYLW
9580655266,panniwellx@oracle.com,eJRgJZl
9439712547,nfranchyonoky@usda.gov,BF7fQu
9318595218,emylesz@pbs.org,orFphT67XM
9681711999,emechic10@blog.com,YOYtrO
9031751348,rhalston11@cmu.edu,8YHagddo
9553884354,rcrocroft12@blogger.com,npB7M1GG
9119173172,ksouthwood13@hp.com,1jsTA82F5
9671154030,pkerss14@arizona.edu,DhXaXL
9231581408,tyoungman15@uiuc.edu,yDdxkEvY
9435527525,aelleton16@uol.com.br,59cL4vLlvQeE
9561629214,rgidden17@odnoklassniki.ru,71e3NhWI7
9637875569,aiannitti18@chicagotribune.com,MPGjQ4PfQ
9327289129,lspurriar19@apple.com,8A0EmDBP
9862467822,dgravenor1a@baidu.com,x5p4lhnIs
9778727626,svenediktov1b@telegraph.co.uk,W2AcoM65
9953072238,rtippetts1c@wordpress.com,1pQYqy
9602147719,hroxburch1d@usnews.com,22QejdXjD
9711375532,cmacpake1e@wsj.com,n7rku7tOtJ8f
9885533963,ajina1f@indiatimes.com,JPDh4O1Ww4
9872027931,sdrayton1g@dell.com,Yj5jidObYtkj
9642713224,bnovak1h@deliciousdays.com,eta5mr2ufMB
9418431961,blebosse1i@unesco.org,xvadnI9
9237818061,cberic1j@indiegogo.com,gKnDY2UJi
9775375734,dlewtey1k@blinklist.com,BqnmaWDDVh
9315642024,callday1l@google.fr,9sTDohGx
9484122338,theimann1m@usa.gov,Kq0a2pn
9334410444,ggiscken1n@theatlantic.com,Yclo3f
9947284577,mhubner1o@ihg.com,NGzBrrJDDCw
9194440624,wgrimstead1p@loc.gov,0qVqx3stfW
9143238421,gteasey1q@nifty.com,V1unMl
9544067418,mshearme1r@list-manage.com,MWtga1
9195514542,rhun1s@rambler.ru,igF7h3
9743635159,sspere1t@cam.ac.uk,v67P2eURSx
9168613222,mmenguy1u@1688.com,0y3W2zKp6lqk
9669752348,hplace1v@squarespace.com,396v42wAV
9537647867,ptooker1w@hugedomains.com,SwwgyxPd
9918431455,hdunthorn1x@fc2.com,FO0fmOXEZo
9336363892,ntunny1y@marriott.com,tKSI0LRU5
9416758436,gegre1z@newyorker.com,qg3yE7Lc47T
9125719532,tburgess20@discuz.net,jOWAWuW4zRt
9523936466,lnortunen21@cbslocal.com,q0qDEyyGBMwy
9278285145,mloveguard22@yelp.com,enUdLwOZn
9677475540,achalker23@infoseek.co.jp,xAoUqq7
9705277811,hedge24@altervista.org,TFhsm0gHrM7Z
9111328522,pdunridge25@house.gov,uzvph6cCSub
9241671578,coverstreet26@uol.com.br,i1levS
9624487867,bmcentegart27@sphinn.com,oxbtwm
9624147814,ksizey28@xing.com,yCBYlCDAWC
9244795967,reat29@last.fm,ONkZJqv2
9588640416,nastall2a@nymag.com,VF6kdlDOjc
9333186992,bomeara2b@ucla.edu,kd6IyIBq5S
9166316665,cmessom2c@goodreads.com,JNXtl6z7sFt3
9433642180,ejanicki2d@domainmarket.com,jA9Rl9
9346415581,kmiko2e@unesco.org,NiJdpoK
9149121882,ostannion2f@amazon.co.uk,bXwVvVlJBC3H
9579967622,wbruneton2g@uiuc.edu,sqwzbJiq
9913987533,abunclark2h@tamu.edu,sD2Xzy8
9511117343,hmacafee2i@nyu.edu,5GvIeKs
9559620402,msheard2j@wufoo.com,ocPmvW
9122136116,mpercifull2k@soup.io,lCPnnY3vXBt
9386535911,apaulich2l@tumblr.com,AEaQMvgv
9441512838,nblenkiron2m@mlb.com,B6viQkSa14
9236581227,mcatford2n@reverbnation.com,qjP62d5cYl
9307501778,icurmi2o@blinklist.com,s24j2Zk2U
9069850482,hcarlick2p@netvibes.com,bY3mD9D9I
9186112358,pplease2q@nydailynews.com,sQRFHBjK
9837550133,kaughtie2r@mysql.com,bBfF4HZNCszI
9532494761,ldegg2s@whitehouse.gov,r8N0djFhnc
9166877619,jtranter2t@cnbc.com,az2o8uLoa
9442813668,cpancast2u@netvibes.com,KEUgoUY7IuV
9252563358,emaha2v@360.cn,8reFzg7
9890118834,tlochead2w@comsenz.com,mV2n2tuY
9623669231,broache2x@discuz.net,F6rKFA7iFEu
9771377585,ycudde2y@who.int,1bFcKprv5a
9518224676,lmottley2z@hugedomains.com,2Jp8G4GZ
9523253155,bsturley30@alexa.com,2y2keprRfgL0
9287121282,omilthorpe31@ucoz.ru,Tbe7tpMJpyU
9266752726,wcartan32@youtu.be,c3ecvu2
9478225075,aleathlay33@friendfeed.com,5r5kv9d
9460112813,cbodycombe34@spotify.com,0VGlc2hw
9175477973,cmabbett35@npr.org,OIbR3XSe
9255172181,cjoslin36@fotki.com,OMonwcW
9784621158,ldombrell37@tripadvisor.com,XqLym0
9663314043,gmacmaster38@google.fr,llYUynh
9751532824,agatus39@google.com.au,HQfPKqAwH
9526361175,tcrassweller3a@de.vu,v1Z6n5Z
9762462518,sdoogue3b@about.com,NBxEh6jOg
9127869896,bleathlay3c@altervista.org,FD6DH90
9722377747,rmckenzie3d@soup.io,ppvJEIbO
9282765841,bstrettell3e@smh.com.au,AJAzZZuaUXe
9016656950,mwelbrock3f@netlog.com,G7NjA1GZM
9652768221,tdmitrovic3g@about.com,sE5qWZ
9738360111,mdimitrie3h@tmall.com,lytw4avLqR
9789531264,mgyles3i@wunderground.com,lS1Xqnw2Mx
9292425034,jcraxford3j@pinterest.com,7SNYF9Dn
9437609231,wmcnickle3k@bandcamp.com,KaIgaNTL
9746543025,rportal3l@dailymail.co.uk,EtUWGTB
9425064419,tcesconi3m@salon.com,j5qGColPH
9850145782,pripley3n@fda.gov,vaF4enf6
9847263812,alabden3o@icq.com,HbIkbH
9626668584,ceaglen3p@washingtonpost.com,qktLii
9075734103,rknutsen3q@1688.com,JVcB2Z
9073152782,wdudmarsh3r@slashdot.org,i4a70LtqCpz
9746445742,nfayers3s@boston.com,LKJIfF
9581775461,astiff3t@samsung.com,NhOZbC1pX
9511805211,dbea3u@paypal.com,L05Ry2lXl
9524650065,dfishleigh3v@howstuffworks.com,IbewxSNa
9151863756,ibaugham3w@surveymonkey.com,1i1EcOIBJ
9742146886,kbenian3x@flavors.me,nWIzuO
9563451451,dstowte3y@hao123.com,ICwGTp99AY
9717539429,garstingall3z@e-recht24.de,uuZNfqB4q2i
9782366457,vrule40@upenn.edu,c1vWnmha
9309612977,wgheerhaert41@taobao.com,FvXg6c2Sq
9125672815,tsrutton42@theguardian.com,R3sYJe
9675963272,cturban43@ftc.gov,4iOdSmWYh
9951424956,tmayzes44@thetimes.co.uk,Gn7GEOfU
9247002621,oattride45@cocolog-nifty.com,lETYpF5
9429635766,acogin46@smugmug.com,L7dWRR
9870566478,rbread47@posterous.com,cfgIqw2b7LBZ
9052252037,mmackett48@vkontakte.ru,VrC7YcqTEnY
9154242156,nmoncaster49@yellowbook.com,RO2PMr1jp2rO
9436527515,bfransseni4a@engadget.com,BgHAWOCoA3m
9456507381,mweighell4b@biblegateway.com,CEklmA7xFM
9332465514,vocullen4c@dagondesign.com,2Ao6bgcSX
9341520632,twroughton4d@unesco.org,hqLErGz
9465185840,touldred4e@wufoo.com,IJqEHVGZgB1
9858958684,kfickling4f@globo.com,EkHMR8J1
9096923688,hlinner4g@cnn.com,I2j7xt5
9427656856,lkhristoforov4h@hhs.gov,sWRE8iZpM
9671284039,cbonafant4i@wordpress.com,GZ562y0ko3Jq
9632772436,cdunnan4j@com.com,SoxdIV
9448857345,nbowell4k@yandex.ru,T2DctHZ
9642918178,kjoubert4l@auda.org.au,r28nmoLT2vi
9476588351,klympany4m@foxnews.com,9bAxANhpfn
9473774082,bcroot4n@icq.com,XfNEkVoDe
9964266527,fbreffit4o@stumbleupon.com,9eQBqqiZ6D
9831656671,afratson4p@elegantthemes.com,8mrIQZVY
9012473368,icorwood4q@unesco.org,bGkOIIXMh
9971374678,jrivallant4r@gravatar.com,lBymWIQRpz
9815253725,jabrashkin4s@fastcompany.com,lRg2hSwkP0
9404953656,fbarbrick4t@twitpic.com,Q9V8vIq
9746054126,dhedin4u@deviantart.com,FPa24iCkM
9927386762,hdaouse4v@utexas.edu,WmIInr2MJi1h
9658473575,ascrane4w@yellowbook.com,lrfjvao
9303962272,bkennford4x@dailymail.co.uk,E9ihoIs
9870802261,amereweather4y@engadget.com,ar0pKs
9872534735,mphippin4z@infoseek.co.jp,dT0slW
9256961055,jbrackpool50@msn.com,clnr1e
9995723159,ttourle51@list-manage.com,ypL6Fkfgfn
9487867545,khatherleigh52@scientificamerican.com,CweZFJ9
9552782132,dseymour53@cocolog-nifty.com,GttxBWr1FQr
9478531938,jfoltin54@blogs.com,vpGePz0
9437987841,granald55@tumblr.com,UfrdRXGR
9415843364,fbulluck56@etsy.com,13J1Hct
9944841185,econers57@dmoz.org,Cs1YqxJvo1
9575069848,paudiss58@gizmodo.com,oLQriHINl1bg
9128228124,rhackworth59@gov.uk,kCdkBreXn
9415173648,mmytton5a@tiny.cc,T8vkm51
9646767184,nmacvey5b@theatlantic.com,m3NMGFHt8VIs
9101201728,rfearnall5c@list-manage.com,EMJXukFnMDS0
9805777723,cmingotti5d@gnu.org,SNX6v8CjS
9944877463,tfarnon5e@behance.net,jI35bwy
9943596568,ekeasy5f@msn.com,sRquq50zV
9680378529,vstonhouse5g@cbsnews.com,T2SaWlkw
9494129745,fmilsom5h@hugedomains.com,tPrTIx
9509118114,sbythway5i@elpais.com,v1ZKNN4Q7t
9978515081,scurnnokk5j@newsvine.com,m1Lb1X
9838455720,hprozescky5k@xinhuanet.com,7g2HUcCcf7h9
9223435349,acleall5l@topsy.com,UVMd5Pic
9317818411,kstoney5m@barnesandnoble.com,3yLQ9OZgZ9
9134772637,cstraffon5n@angelfire.com,9IpXqKWV2z
9222359568,alambole5o@tumblr.com,964GuZgs5tCc
9613153367,ttailby5p@1und1.de,6TOnqew02kTe
9500272247,byearsley5q@boston.com,cEq5wss
9435837215,dmatts5r@webnode.com,XXftib
9351162654,sstillwell5s@admin.ch,HuSwsiPN6
9176877242,jcolquyte5t@pinterest.com,PWXh8qom7HT
9852156571,narchibould5u@cmu.edu,qQgiGLCap4j0
9871163813,alugden5v@samsung.com,yf0Rnhw
9563114189,sseale5w@eventbrite.com,Xu9tKEioDL
9272315722,dgatecliff5x@twitter.com,RI1jRJZNGK
9544637260,sjacques5y@eepurl.com,gSk6AnW5
9588475884,cbeldham5z@dailymotion.com,4I2qV3
9153238114,laupol60@salon.com,4kpopfo
9338426239,flowrance61@wp.com,o3i5kMw99S
9233078216,cgalletley62@free.fr,dQITkOr
9070637821,kdreghorn63@cbsnews.com,DrFCh2aB2
9888434359,ehoudmont64@columbia.edu,Bnz8q8mB
9869196375,gjanew65@walmart.com,5f6LRO
9451567440,jmalyan66@tuttocitta.it,hHHGnK7MA
9698024954,gphilipson67@themeforest.net,Vu68dz
9145313712,pciardo68@disqus.com,RCpOYou3
9637365584,acaban69@house.gov,VCHpYR
9365814885,gbirchill6a@oracle.com,evWtIoZo3d8q
9781567001,mmerida6b@fastcompany.com,DsYg37
9622842795,zwildblood6c@github.io,d4fvGE0Llvg
9773766073,ledgecumbe6d@pcworld.com,6ItJr5V
9837514232,mstocky6e@go.com,XPCZi6f
9665755584,tavent6f@sourceforge.net,KBtnFg0
9614458756,adelcastello6g@chronoengine.com,H6ZpcFBjcueM
9575562515,ahender6h@amazon.co.uk,O9B0riNo
9773880116,rsebring6i@cnet.com,NSfUWNnNa
9297121166,jsrawley6j@google.de,ujmGAzF
9578655329,apringell6k@nasa.gov,j343EspPY
9853023450,bdobble6l@stanford.edu,RjqisMA
9569152316,tgobel6m@bloomberg.com,n1L9dk
9844804458,jtremellier6n@skype.com,HY0wVJu3
9969433852,jmckeaveney6o@dyndns.org,8Vjetu3
9889963721,stideswell6p@admin.ch,LI5A7uLwkCnN
9148612283,mhartman6q@sohu.com,pyazn7gY2iOF
9884713733,gsmallman6r@blog.com,f7MO1l2Xzxx
9704816473,sedds6s@cocolog-nifty.com,5Y0T9e
9992373113,gseymour6t@senate.gov,yZvI4V7ywztV
9544514343,ovanthoog6u@slashdot.org,rA7GXeq0
9530623417,cfulbrook6v@marriott.com,aVcNzSkuyqDH
9414607489,kkraft6w@mapquest.com,roiD5fTYRq
9138267166,hchallicum6x@nbcnews.com,QjGXMyO9UhLQ
9673249370,rmacafee6y@gmpg.org,Dj368SjVUlv
9645761373,lhamshere6z@springer.com,LusassvKYdk
9335561546,sandrejevic70@sciencedaily.com,ov6CW50F
9237431752,elamar71@1688.com,ijzWGrPOoaD
9454641726,rmuldownie72@springer.com,fuEWJb
9478631535,cocaine73@state.gov,jrZAK9erYYJT
9532827285,lhammand74@ted.com,xFtlKnwW
9879870282,walbarez75@admin.ch,FHpIe5jLvkXy
9656685933,ppigott76@disqus.com,Ru8lGG
9232777980,aelgy77@imdb.com,RrWxJ5a
9556465101,etyer78@marketwatch.com,mzzGtx
9039157321,lsowte79@zdnet.com,e0pocl2k
9651886259,cdumke7a@cdc.gov,yiwgMnWs
9106546586,edavidowsky7b@flickr.com,gU959d
9723436988,cfernyhough7c@studiopress.com,tIT9WnE
9353096149,lmcaughtrie7d@japanpost.jp,fAc96Bq
9634427183,lviccary7e@lycos.com,sLqtDSYO
9173760274,rgush7f@umn.edu,1qf22QvF
9716631557,sebenezer7g@google.co.uk,976FM10sDvl
9074404112,omaevela7h@google.co.uk,bF7cKBUo
9373716841,wfaill7i@va.gov,w1O5wFDO
9531518828,hharbidge7j@xrea.com,b0kZGjr
9730712130,mterbeek7k@csmonitor.com,zqHcrS0hHS
9013765566,jcoughan7l@walmart.com,uYZynoohjO0e
9713445776,falexsandrovich7m@dion.ne.jp,TjVca0r6
9154623154,ddicey7n@newsvine.com,rqNCyF8yt
9795112876,pbaytrop7o@nytimes.com,Fbz532NZ
9115978134,fmaleck7p@ezinearticles.com,a2Nbd5N
9729749798,dmonery7q@fda.gov,hiIabw0zSDz
9724573473,fglenn7r@live.com,Ndg3DhgFm0
9355434910,neslemont7s@tinypic.com,ZhLKUGUP
9128525251,dadamsen7t@arizona.edu,I4ERgVjLoz
9921454974,ebulleyn7u@mit.edu,E2Isz0XNwB7U
9152381723,vtribell7v@usa.gov,Nb1qM7IlINo
9723518963,cgravatt7w@dedecms.com,wih1TQHiM
9378401821,thulburd7x@sbwire.com,kKZVyT
9891332950,gfayter7y@unesco.org,lOyo6X5ufG9
9136748938,mtrain7z@epa.gov,MbQaMDRwIIL
9293825241,milson80@who.int,9brJ2B
9368428182,sgilders81@devhub.com,snOzxXePHA9
9826468935,vlehmann82@weibo.com,At6Pej6Q10w
9978445006,dcalterone83@wiley.com,JK1Scjq
9071784358,iskelcher84@cmu.edu,TJnw7W
9385512942,nwasbey85@hubpages.com,KDckILjRD
9374392722,mbeadnall86@photobucket.com,NEH6yi
9220272498,gaird87@slashdot.org,nN21X8l
9492095252,cchrystal88@pagesperso-orange.fr,Bmzs4skMZ3
9355986434,kbresner89@google.cn,9v60ReQAj3f
9120736673,mshellcross8a@networkadvertising.org,dhd2dnk
9247296241,tboorman8b@accuweather.com,ap6s3bG
9388577125,lgreeson8c@sbwire.com,Iy3y6axZW
9566273850,bspurnier8d@360.cn,7Ic01P
9503542362,cbarkess8e@ihg.com,6vuWsroXk2R
9643704158,cmcmenamy8f@mysql.com,f7huMAIm
9454973913,agrovier8g@cbc.ca,uThCox
9660166053,bkemble8h@freewebs.com,vvishcO1gi0W
9838262562,candriolli8i@flickr.com,JHgLkyf
9351354753,mmcinnes8j@free.fr,Gv2md4M6Qj0
9089158615,sbuckberry8k@icq.com,GpB9jWzoOcS
9754378488,mpenwarden8l@dyndns.org,BGOjXoMmvI
9628584826,hfullylove8m@xinhuanet.com,FldIiOKSl
9837921658,edunkinson8n@ameblo.jp,qYQ2MGrji
9423028076,vdezamora8o@google.nl,loYQqJKRtsn3
9377883897,rdurman8p@china.com.cn,P1UDzv
9351355802,emolden8q@hostgator.com,WIzQd6
9318506351,ashemelt8r@wired.com,iXS9dF
9085225159,llaterza8s@china.com.cn,sU6B6kr8Rj
9160621183,cmcilhatton8t@tuttocitta.it,VIAY9IN
9883037062,lpython8u@phpbb.com,gjZMS4m
9942114991,gawty8v@goo.gl,2GtuCuf
9751656643,rlittlecote8w@istockphoto.com,CavxOUt
9938313815,mfudger8x@ebay.com,dpxPu9bvQgSz
9198263234,gdouty8y@typepad.com,lpwbI7g5h
9182581867,mwilsdon8z@wikipedia.org,sbjryg
9827458643,asanham90@barnesandnoble.com,GgxvJ2TTw44p
9689168012,bpetto91@shinystat.com,F9JTCrTaYJG
9283082382,cduffett92@ucla.edu,7eK4wxMg
9191824772,gettritch93@un.org,P9hMeewMEoKF
9688486997,kwarham94@symantec.com,9UlLdNRW
9386442135,rmccall95@cbsnews.com,JBRvf4ZOA0
9193684499,hhawket96@unblog.fr,TX6jNVtjU
9965215844,lpowner97@cnet.com,iwGNP43s0NW9
9385638614,rcorcut98@moonfruit.com,jgsB3sFa
9882253992,mpickle99@usatoday.com,qSQr0entoI
9428650384,klytton9a@booking.com,th2mLYnYM
9176942028,eyoselevitch9b@usa.gov,8AaTI07
9724109677,dstubbert9c@senate.gov,d7FtPVQfNp1k
9344822022,vdelacourt9d@wikispaces.com,jdO5K4ssUee
9757495921,ewortley9e@geocities.com,kwLYrUPMT
9848476595,bpurkins9f@goodreads.com,FXACkldn
9446092721,afautley9g@hugedomains.com,R7nQBRr
9741842707,ustarten9h@arizona.edu,434JkRWRlv
9626741198,dellacombe9i@w3.org,vmXU4L9qTv1m
9020136653,ncappell9j@webeden.co.uk,t4BUb5CSv15
9371574577,igarmons9k@elegantthemes.com,Rymcgaff2Rt0
9855249127,lmicheu9l@wix.com,EzFY4zzdGZe
9879221723,skilmurry9m@tripod.com,7x5Zwc6
9828969827,eswapp9n@bigcartel.com,pIL8jdkUDGD
9148867853,dautry9o@printfriendly.com,lQgImc37iiOk
9818198461,zjeskins9p@odnoklassniki.ru,Svzc0VSewpd
9631413625,ccrocroft9q@sfgate.com,sSWOp5u
9104719660,oblowing9r@fastcompany.com,OmLEES6H2y
9866988603,mblasl9s@rakuten.co.jp,Uvy1xobIC9qT
9368001282,amatveyev9t@webnode.com,8fwrK5wR7j
9540213521,kadamovitch9u@adobe.com,nDQAPAn
9169778589,thyslop9v@lycos.com,tzBNtCXtcF
9182156674,scollihole9w@mysql.com,Uc1rL3ZgmIs
9883413294,vpaulus9x@issuu.com,j70ZiMuXaat
9313385366,ayearn9y@xing.com,eSRfEjZEB
9062250842,jalabone9z@yale.edu,V2yuDEAwjbP
9716504318,spleasancea0@unblog.fr,sUowKe0FZc
9016262740,dbankesa1@netlog.com,0WAYfOWRI
9647393308,sfrisela2@netlog.com,peT1DII
9547141492,kbolzmanna3@thetimes.co.uk,6l6tbXXtbZA
9055483764,rassitera4@cbsnews.com,SbioDAeLOZ
9958825341,lpaliaa5@earthlink.net,X1vRXfW
9184649862,acasoa6@angelfire.com,ryjDPpL
9555232258,hjedrzejewskia7@t-online.de,hJkp0gAmC8C
9255473388,hhumbera8@merriam-webster.com,A3zMBpDF
9204859642,bfernyhougha9@mit.edu,2g9tgCAw
9127348371,zlambertazziaa@fotki.com,pm6CM9qa4
9437873153,wbeaganab@shinystat.com,GFsPbaaLkF
9550558241,ffilderyac@ucsd.edu,JGnvtww
9371934439,vskurrayad@java.com,nGTqPnJgs
9156777518,dlagesae@baidu.com,ZNrfPXJFuS
9083241131,cpieroniaf@jugem.jp,whkitAjcm
9665685572,bkencottag@harvard.edu,WCYlCZY
9899651867,fdunsterah@privacy.gov.au,Z5GiAqM3j8kD
9152487921,jdavisai@walmart.com,7qHFR5qk
9649391037,dmaccaullaj@technorati.com,qB8UJIeVYw
9433271275,echallenderak@hostgator.com,hTMrRZWQW4
9602274960,rvasilikal@photobucket.com,QEkk7kyM
9445855625,jdeclerqam@is.gd,NWOsJKGJOX
9763503042,gdantonan@altervista.org,Dz1sdYpK
9714200432,sbrockieao@gravatar.com,PgazQFLvI
9295973895,lduffellap@paypal.com,ogvTmmg
9819518326,sseamenaq@devhub.com,T542ts0KP
9761930117,mhannabusar@clickbank.net,NRjqQae0Ll
9141098173,bwestripas@wikimedia.org,djTl8K23
9108575011,vdurakat@nymag.com,mzuQ7mpOa
9324680466,jengledowau@deviantart.com,ak0mfao
9356118328,emarkushkinav@photobucket.com,UKtJsOO
9584558674,whorrodaw@reference.com,Jgo514CmtmgE
9484086055,agauchax@chronoengine.com,F8NPws
9894049255,aeisikovitshay@elegantthemes.com,23pSDpjlxv
9206193678,aegglestonaz@multiply.com,lkprOPbQ
9828737278,njaniszewskib0@omniture.com,rP9FxVvVNnR
9675629367,mbonnickb1@google.com.au,BHUoGk6CvZDM
9769995795,kbroyb2@wikispaces.com,F5LpdaS5pl
9835046149,tbergeb3@dedecms.com,jPF8vpv
9797663944,agatesb4@ox.ac.uk,znOItkmCB
9587142554,nwinsleyb5@usa.gov,Dh0O1L7XDL
9187441373,wbugbyb6@ihg.com,sGNiQyHC
9801172102,amcparlandb7@bigcartel.com,1zPtZiO
9109254122,rlepickb8@reverbnation.com,uaGDcV
9123672559,ostollenb9@domainmarket.com,iXTrgyoG2
9758255652,tcawkillba@dot.gov,amCdNcunJWz
9187232758,hdimmnebb@google.com.hk,DiK0iYuvDk
9162647278,telcottbc@4shared.com,4Pe5hXlj
9045986318,bkorneichikbd@prlog.org,00C4hyOSFj78
9241643368,sduxburybe@arizona.edu,GUmnVQ0
9755011615,lbootymanbf@washington.edu,EJIHlQAMpGN
9851565224,ncockrambg@va.gov,WvLu0G2Rn7
9461547579,fswateridgebh@feedburner.com,38RlwDk
9202684552,nfavillbi@pinterest.com,d0tMV5mGWmlc
9416238806,delsipbj@amazon.com,bINMjqN
9083526410,eseabrightbk@smh.com.au,WCjVdOIL
9644277878,bfewingsbl@cloudflare.com,jokC63C
9966134173,rrawetbm@youku.com,gn7mq5
9881068866,jarchdeaconbn@army.mil,5AIRMpgWq
9285852892,crollobo@independent.co.uk,ksfPPd3
9352233753,hpetrakovbp@fda.gov,G30A9Hs5X
9698260431,nrigmondbq@prnewswire.com,V3v8cr2eA6
9240506164,tkirkbybr@npr.org,rt96LC
9653437233,bcastagnonebs@wp.com,fopftZ8ApS
9014482677,ralbanbt@bbc.co.uk,kugzRQa
9839475484,acumberbu@jugem.jp,4NHGspk
9284651574,aleemingbv@alibaba.com,QmZTKiq
9836801433,apiatekbw@pbs.org,ItuyaeCu
9272112468,citzkovitchbx@paginegialle.it,OZFkKOn
9193161842,cwiltonby@sohu.com,oZLSZwxMWMQZ
9832149107,trainfordbz@ifeng.com,T7TGqdEt
9711756247,goosthoutdevreec0@wix.com,7lPUtI
9128652818,mstapyltonc1@engadget.com,ky1eZf4ue
9265421589,fcoffeltc2@naver.com,IeC9wbP
9595048843,sdifriscoc3@clickbank.net,38VTD6Vp
9848381164,abegginic4@usa.gov,7XTOieJ
9334286664,fcolvillec5@forbes.com,lfuAlI
9562178276,helenerc6@moonfruit.com,506mWxQQGTL
9330124844,rbrimmacombec7@foxnews.com,mWdEJq
9236975073,ppeterc8@mit.edu,oJZZ9cGzeYI
9218974315,cgirardc9@hibu.com,3OLsB83
9666891426,tblondenca@mac.com,sF6Hye3bhfW
9769304548,alaurencecb@digg.com,BYhtHOSDqP
9718036142,amellcc@japanpost.jp,8v5twAHQ
9165037813,opearsoncd@vk.com,JKCzrL7Vmq
9806153616,acordelettece@mtv.com,auazrejER
9643048922,bcattenachcf@multiply.com,YujyRpUO4xI3
9227229506,bizencg@yandex.ru,F92CWPi
9590194431,locarrolch@microsoft.com,AXD6a7kme
9110868523,amcmillamci@artisteer.com,K7aHOQ3Ki8
9959408588,csanchescj@blog.com,Qa62Z2
9751513098,jhamblyck@typepad.com,zE22TPj
9837888981,mbulgencl@baidu.com,ELwhUs
9256415434,fyegoshincm@earthlink.net,Uot5hMYDOf
9836716256,jdwightcn@com.com,cmuXLcDWTfL
9876183897,rmarchandco@weebly.com,QUSfesoOy
9155611846,dtuthercp@wikipedia.org,LsEtBYgPi
9458354225,wmcgrathcq@mysql.com,bs0kXh8
9085405864,cdellocr@hostgator.com,smIdYHb6bQN
9630340080,kleflochcs@skype.com,t4kgtUOyFe
9565005890,nshanksct@stumbleupon.com,bBNWawuQU
9531159528,ksheardowncu@bing.com,KbrXyk
9637816007,jtossellcv@amazon.co.jp,85IchhyXDU9
9868481046,gmaracw@behance.net,oMmnnyOqYLv2
9447455869,lchoffincx@ow.ly,UFfvXoshc
9965844779,bbellardcy@howstuffworks.com,DVTIaTMiE3r
9326567673,blorentzencz@dailymail.co.uk,D52jOiwD3
9147331562,bnarramored0@chron.com,IiXZcFc8E7NL
9885995366,wblindtd1@tumblr.com,EFQNlSw
9859384750,lstebbingsd2@wisc.edu,hVR8eEhSfisq
9763828440,mhaighd3@unc.edu,5SXSzzv
9645783773,lakroydd4@usatoday.com,UtksYC
9411524692,crawlind5@tripadvisor.com,ArHQou
9246134185,vzeplind6@vk.com,b6nUbxxKJg4r
9796847112,atomashovd7@linkedin.com,W8czp2sraAZk
9364468215,mhafnerd8@washingtonpost.com,fQXpss4
9754716572,cminkind9@sourceforge.net,l3JboLOvv
9154416842,wrollingda@booking.com,eCEwkM7cI6
9534117785,sscollandb@edublogs.org,ijfoV6
9476391165,ameersdc@amazon.com,NbsXWEL
9858334503,candreassondd@ox.ac.uk,dmWAF6V2ayO
9654175493,cvatinide@usda.gov,0WmJz2MO
9305274861,lcholtondf@dion.ne.jp,dgjQpfv
9930358373,scoonandg@cdc.gov,1w6Vzf3fP9hH
9667787428,mbourtoumieuxdh@hp.com,BoDMBCny
9393351584,rboissierdi@nymag.com,THxBsV
9831564029,dliptrotdj@smugmug.com,c8LJ9RsZ
9132837735,gstopforddk@instagram.com,eEayKaekZtgh
9363781214,cdobesondl@jigsy.com,Vj1xTV8HV
9608531128,tdrainsdm@blogspot.com,1umC6gdZJDCa
9746380491,wthreadgolddn@virginia.edu,GiD6hi3cerPv
9676440383,jfustdo@phoca.cz,V3obJq1i5iQD
9552659477,jshackesbydp@scribd.com,K4j1J0
9531982995,fmanachdq@nifty.com,NPG5D98Q
9555268183,kstoyelldr@bizjournals.com,I4ayhDQ7BYN
9431871313,imaffinids@soundcloud.com,zVErmYB
9552436653,nboshelldt@cpanel.net,5ElVE9
9735569237,gmccritchiedu@ftc.gov,SQ8QDiHZWYT
9985793436,hdabeldv@people.com.cn,S9z21E6X
