product_id,reciever_id,message,timestamp
9261481743,9835335356,aliquam sit amet diam in magna bibendum imperdiet nullam orci pede venenatis non sodales,2022-02-07 02:35:00
9139623353,9617865922,mauris morbi non lectus aliquam sit amet diam in magna bibendum imperdiet,2022-02-04 04:19:00
9185557667,9868218176,justo nec condimentum neque sapien placerat ante nulla justo aliquam quis turpis eget elit,2022-02-08 17:42:00
9513247511,9989528254,at ipsum ac tellus semper interdum mauris ullamcorper purus sit amet nulla quisque,2022-02-25 23:43:00
9120152327,9317811717,iaculis justo in hac habitasse platea dictumst etiam faucibus cursus urna ut tellus,2022-02-09 17:00:00
9161231259,9261481743,mus vivamus vestibulum sagittis sapien cum sociis natoque penatibus et magnis dis parturient,2022-02-07 00:23:00
9491252693,9139623353,pharetra magna ac consequat metus sapien ut nunc vestibulum ante ipsum primis in faucibus orci,2022-02-23 11:54:00
9113634208,9185557667,faucibus orci luctus et ultrices posuere cubilia curae donec pharetra,2022-02-21 09:27:00
9835335356,9513247511,id consequat in consequat ut nulla sed accumsan felis ut at dolor quis,2022-02-10 14:59:00
9835335356,9120152327,velit vivamus vel nulla eget eros elementum pellentesque quisque porta volutpat erat quisque erat,2022-02-15 17:08:00
9617865922,9161231259,tortor sollicitudin mi sit amet lobortis sapien sapien non mi integer ac neque duis bibendum,2022-02-10 23:03:00
9868218176,9491252693,ac leo pellentesque ultrices mattis odio donec vitae nisi nam ultrices libero non mattis pulvinar,2022-02-23 23:10:00
9835335356,9776132442,morbi quis tortor id nulla ultrices aliquet maecenas leo odio condimentum,2022-02-02 21:41:00
9835335356,9615882758,dapibus duis at velit eu est congue elementum in hac habitasse platea,2022-02-06 07:13:00
9617865922,9436652636,nisi at nibh in hac habitasse platea dictumst aliquam augue quam,2022-02-04 22:25:00
9868218176,9521184877,leo odio condimentum id luctus nec molestie sed justo pellentesque viverra pede ac,2022-02-13 21:58:00
9317811717,9113634208,tempus sit amet sem fusce consequat nulla nisl nunc nisl duis bibendum,2022-02-22 07:52:00
9261481743,9835335356,adipiscing elit proin interdum mauris non ligula pellentesque ultrices phasellus id sapien in sapien,2022-02-14 15:50:00
9139623353,9835335356,nullam sit amet turpis elementum ligula vehicula consequat morbi a ipsum integer a nibh,2022-02-15 10:20:00
9185557667,9617865922,pulvinar nulla pede ullamcorper augue a suscipit nulla elit ac,2022-02-03 11:43:00
9513247511,9868218176,sollicitudin vitae consectetuer eget rutrum at lorem integer tincidunt ante vel ipsum,2022-02-09 14:42:00
9120152327,9989528254,lacinia aenean sit amet justo morbi ut odio cras mi pede malesuada in imperdiet,2022-02-26 12:10:00
9161231259,9317811717,nisi at nibh in hac habitasse platea dictumst aliquam augue,2022-02-25 05:58:00
9491252693,9261481743,eu sapien cursus vestibulum proin eu mi nulla ac enim,2022-02-05 18:26:00
9776132442,9139623353,nibh in hac habitasse platea dictumst aliquam augue quam sollicitudin vitae consectetuer eget rutrum at,2022-02-24 00:02:00
9615882758,9185557667,ipsum primis in faucibus orci luctus et ultrices posuere cubilia curae donec,2022-02-14 13:23:00
9436652636,9513247511,metus vitae ipsum aliquam non mauris morbi non lectus aliquam sit amet diam in magna,2022-02-03 23:04:00
9521184877,9120152327,quis augue luctus tincidunt nulla mollis molestie lorem quisque ut erat curabitur gravida nisi,2022-02-18 15:33:00
9113634208,9161231259,suspendisse potenti nullam porttitor lacus at turpis donec posuere metus vitae,2022-02-23 22:08:00
9835335356,9491252693,nec dui luctus rutrum nulla tellus in sagittis dui vel,2022-02-24 09:46:00
9835335356,9776132442,pellentesque ultrices phasellus id sapien in sapien iaculis congue vivamus metus arcu adipiscing molestie hendrerit,2022-02-26 07:32:00
9617865922,9615882758,scelerisque quam turpis adipiscing lorem vitae mattis nibh ligula nec sem duis aliquam convallis nunc,2022-02-11 09:43:00
9868218176,9436652636,semper rutrum nulla nunc purus phasellus in felis donec semper sapien a,2022-02-22 22:14:00
9989528254,9521184877,nunc rhoncus dui vel sem sed sagittis nam congue risus semper porta volutpat quam,2022-02-24 04:50:00
9317811717,9113634208,fusce congue diam id ornare imperdiet sapien urna pretium nisl ut volutpat sapien arcu sed,2022-02-24 22:55:00
9261481743,9835335356,non sodales sed tincidunt eu felis fusce posuere felis sed lacus morbi sem mauris,2022-02-20 11:29:00
9139623353,9615882758,sagittis dui vel nisl duis ac nibh fusce lacus purus aliquet at,2022-02-21 16:37:00
9185557667,9436652636,potenti in eleifend quam a odio in hac habitasse platea,2022-02-16 17:12:00
9513247511,9521184877,nulla ac enim in tempor turpis nec euismod scelerisque quam,2022-02-03 04:25:00
9120152327,9113634208,dolor quis odio consequat varius integer ac leo pellentesque ultrices mattis odio donec vitae nisi,2022-02-12 04:17:00
9161231259,9615882758,quis odio consequat varius integer ac leo pellentesque ultrices mattis odio donec vitae nisi,2022-02-17 02:46:00
9491252693,9436652636,nec dui luctus rutrum nulla tellus in sagittis dui vel nisl,2022-02-05 19:18:00
9776132442,9521184877,nisl venenatis lacinia aenean sit amet justo morbi ut odio cras mi pede malesuada in,2022-02-24 12:25:00
9615882758,9113634208,quis lectus suspendisse potenti in eleifend quam a odio in hac habitasse platea,2022-02-17 15:29:00
9835335356,9835335356,nulla facilisi cras non velit nec nisi vulputate nonummy maecenas tincidunt lacus at,2022-02-12 16:31:00
9617865922,9835335356,velit nec nisi vulputate nonummy maecenas tincidunt lacus at velit vivamus vel nulla,2022-02-22 20:06:00
9868218176,9617865922,tortor duis mattis egestas metus aenean fermentum donec ut mauris eget massa tempor convallis,2022-02-21 16:28:00
9989528254,9868218176,felis sed lacus morbi sem mauris laoreet ut rhoncus aliquet pulvinar,2022-02-02 12:45:00
9317811717,9989528254,sem mauris laoreet ut rhoncus aliquet pulvinar sed nisl nunc rhoncus,2022-02-17 09:02:00
9261481743,9317811717,felis donec semper sapien a libero nam dui proin leo odio porttitor id consequat in,2022-02-11 04:06:00
