id,email,password
9337765178,spickless0@t-online.de,XtWSNoB
9574564718,dbastistini1@so-net.ne.jp,qvUSes6PGfDe
9769435302,vtupman2@cdbaby.com,NVXnOTVzH4m
9264826213,lhartford3@gravatar.com,a0dBVtXX
9557461860,tnealey4@slideshare.net,60PGwU
9441890711,fhelm5@sphinn.com,eq0wcWb0AuKe
9247863354,vhunnywell6@illinois.edu,qB6rr1u
9867613539,hgeall7@friendfeed.com,zWAduvZzrLvg
9717691442,nchern8@tiny.cc,zPHdgU7n9
9470876285,cacton9@google.fr,2qPYXd0k6O3R
9836927534,jharkinsa@nps.gov,fsNmvT
9786139123,dstanhopeb@apache.org,OLRSOZj2Q
9031745817,gvineyc@behance.net,YqyGhRq0nNl
9552877552,ktoftsd@photobucket.com,BGa8D0RUVQ
9566179716,ncartine@booking.com,K97ObtQw
9408175298,wduffittf@ox.ac.uk,Z0tZMR
9915727638,rgerkensg@privacy.gov.au,d1w0m26
9083817568,rmebsh@jiathis.com,TEOfymZdv8t
9365370155,dmcswani@flavors.me,Ln97xDgMjY
9617575487,fluardj@goodreads.com,Ieuti4k
9397922181,kalfonsettik@bluehost.com,fIMEcX6ESN
9385766985,kstrelitzl@ifeng.com,RAqsENb
9223175428,opiddlesdenm@ed.gov,oTRCORAm4e
9344426455,mbradshawn@imgur.com,NQAZvmWlmd1
9560969541,kdillintono@nsw.gov.au,BnkPVwblO
9103864882,vhardingtonp@latimes.com,d0C5nlf8r
9946282273,anovotnaq@prlog.org,03AOcBNeCL
9297427334,esmyther@cyberchimps.com,FJ6XIKH6z5K
9733978824,wjudkinss@admin.ch,tao9ryLTyDqi
9884401577,mallberryt@fastcompany.com,ikhoPqFLHw
9717422541,bberfordu@wikimedia.org,xnchBDVcPo
9249536647,igonnelv@etsy.com,K6BS2u3N
9524411193,dbeasantw@blinklist.com,1kXyMYka2
9636328273,earrighix@walmart.com,5w9k90
9537058077,rlindegardy@stanford.edu,CclNgMVBa
9780854764,jmooneyz@wix.com,WV0bMyq
9097841886,oandresen10@fema.gov,kX811jyOW
9328693336,gsanzio11@nifty.com,dhxWfdEFW
9671995986,htommaseo12@weibo.com,KUPiIATiN
9140682215,mtownes13@google.com.hk,W7sTfMI
9551218382,rzaczek14@cmu.edu,XHzVHwXQls
9556252481,crummings15@thetimes.co.uk,gxvulNZpdtcF
9334631955,sdelahay16@yelp.com,SFRlMgiKXp6B
9643269276,sevamy17@columbia.edu,NGS64r
9205185634,neccleston18@who.int,QUFv7Q4
9568264626,lfruish19@latimes.com,N4f1yRRtp
9207086652,phuskinson1a@phpbb.com,HG3tJwQ436
9733269888,mtoppes1b@mac.com,5uceYnm
9313018588,fbischoff1c@cnet.com,oGjq6EUpD
9525421543,tmullender1d@lycos.com,1mAerirK
